{
  "project_info": {
    "project_number": "836392751711",
    "firebase_url": "https://loginproject-e1ef5.firebaseio.com",
    "project_id": "loginproject-e1ef5",
    "storage_bucket": "loginproject-e1ef5.appspot.com"
  },
  "client": [
    {
      "client_info": {
        "mobilesdk_app_id": "1:836392751711:android:186f87f039399cf1dec1ea",
        "android_client_info": {
          "package_name": "com.example.loginproject"
        }
      },
      "oauth_client": [
        {
          "client_id": "836392751711-3gsckqcol7qsmphfr3ee8626059daro7.apps.googleusercontent.com",
          "client_type": 1,
          "android_info": {
            "package_name": "com.example.loginproject",
            "certificate_hash": "3167af88764a0c96cb72795d4e9e93d5e86082b1"
          }
        },
        {
          "client_id": "836392751711-ntiinsc4om9dl91gkjs5d6lhdqmn3h4k.apps.googleusercontent.com",
          "client_type": 3
        }
      ],
      "api_key": [
        {
          "current_key": "AIzaSyD3DDVULEuybQum4ei0iWwa3t4EBabKGtY"
        }
      ],
      "services": {
        "appinvite_service": {
          "other_platform_oauth_client": [
            {
              "client_id": "836392751711-ntiinsc4om9dl91gkjs5d6lhdqmn3h4k.apps.googleusercontent.com",
              "client_type": 3
            }
          ]
        }
      }
    }
  ],
  "configuration_version": "1"
}